File;Path;Type;Size;Size (octets);Modification;Creation;Owner;SID;NT account description;Attributes
Empty.phz;D:\Hardisk burnt\joelwindows7\.wine\drive_c\Program Files (x86)\Algodoo\html\lessons;Algodoo Scene Package;2,01 KiB;2059;28/03/2013 20.01.06;16/02/2018 01.18.58;<LocalSystemSid>;S-1-5-18;;---AC------
Optics.phz;D:\Hardisk burnt\joelwindows7\.wine\drive_c\Program Files (x86)\Algodoo\html\lessons;Algodoo Scene Package;1,92 KiB;1970;28/03/2013 20.01.06;16/02/2018 01.18.58;<LocalSystemSid>;S-1-5-18;;---AC------
Algodoo Play.phz;D:\Hardisk burnt\joelwindows7\.wine\drive_c\Program Files (x86)\Algodoo\scenes;Algodoo Scene Package;1,19 MiB;1249714;28/03/2013 20.01.06;16/02/2018 01.18.52;<LocalSystemSid>;S-1-5-18;;---AC------
Quick tour (touch).phz;D:\Hardisk burnt\joelwindows7\.wine\drive_c\Program Files (x86)\Algodoo\scenes;Algodoo Scene Package;314,38 KiB;321935;28/03/2013 20.01.06;16/02/2018 01.18.50;<LocalSystemSid>;S-1-5-18;;---AC------
Quick tour.phz;D:\Hardisk burnt\joelwindows7\.wine\drive_c\Program Files (x86)\Algodoo\scenes;Algodoo Scene Package;275,49 KiB;282106;28/03/2013 20.01.06;16/02/2018 01.18.51;<LocalSystemSid>;S-1-5-18;;---AC------
Anti-gravity room.phz;D:\Hardisk burnt\joelwindows7\.wine\drive_c\Program Files (x86)\Algodoo\scenes\games & phun;Algodoo Scene Package;11,79 KiB;12080;28/03/2013 20.01.06;16/02/2018 01.18.51;<LocalSystemSid>;S-1-5-18;;---AC------
buildingBlocks.phz;D:\Hardisk burnt\joelwindows7\.wine\drive_c\Program Files (x86)\Algodoo\scenes\games & phun;Algodoo Scene Package;57,39 KiB;58769;28/03/2013 20.01.06;16/02/2018 01.18.51;<LocalSystemSid>;S-1-5-18;;---AC------
Cause and effect.phz;D:\Hardisk burnt\joelwindows7\.wine\drive_c\Program Files (x86)\Algodoo\scenes\games & phun;Algodoo Scene Package;120,49 KiB;123390;28/03/2013 20.01.06;16/02/2018 01.18.51;<LocalSystemSid>;S-1-5-18;;---AC------
Classmate_Labyrinth (inverted).phz;D:\Hardisk burnt\joelwindows7\.wine\drive_c\Program Files (x86)\Algodoo\scenes\games & phun;Algodoo Scene Package;53 KiB;54278;28/03/2013 20.01.06;16/02/2018 01.18.51;<LocalSystemSid>;S-1-5-18;;---AC------
Classmate_Labyrinth.phz;D:\Hardisk burnt\joelwindows7\.wine\drive_c\Program Files (x86)\Algodoo\scenes\games & phun;Algodoo Scene Package;84,99 KiB;87037;28/03/2013 20.01.06;16/02/2018 01.18.51;<LocalSystemSid>;S-1-5-18;;---AC------
Cycloid.phz;D:\Hardisk burnt\joelwindows7\.wine\drive_c\Program Files (x86)\Algodoo\scenes\games & phun;Algodoo Scene Package;2,04 KiB;2098;28/03/2013 20.01.06;16/02/2018 01.18.51;<LocalSystemSid>;S-1-5-18;;---AC------
Falling ball-game.phz;D:\Hardisk burnt\joelwindows7\.wine\drive_c\Program Files (x86)\Algodoo\scenes\games & phun;Algodoo Scene Package;37,56 KiB;38471;28/03/2013 20.01.06;16/02/2018 01.18.51;<LocalSystemSid>;S-1-5-18;;---AC------
Fountain.phz;D:\Hardisk burnt\joelwindows7\.wine\drive_c\Program Files (x86)\Algodoo\scenes\games & phun;Algodoo Scene Package;30,55 KiB;31290;28/03/2013 20.01.06;16/02/2018 01.18.51;<LocalSystemSid>;S-1-5-18;;---AC------
Gears.phz;D:\Hardisk burnt\joelwindows7\.wine\drive_c\Program Files (x86)\Algodoo\scenes\games & phun;Algodoo Scene Package;288,91 KiB;295848;28/03/2013 20.01.06;16/02/2018 01.18.51;<LocalSystemSid>;S-1-5-18;;---AC------
genevaStopAndRackandPinion.phz;D:\Hardisk burnt\joelwindows7\.wine\drive_c\Program Files (x86)\Algodoo\scenes\games & phun;Algodoo Scene Package;333,85 KiB;341865;28/03/2013 20.01.06;16/02/2018 01.18.51;<LocalSystemSid>;S-1-5-18;;---AC------
Gravity car.phz;D:\Hardisk burnt\joelwindows7\.wine\drive_c\Program Files (x86)\Algodoo\scenes\games & phun;Algodoo Scene Package;58,57 KiB;59980;28/03/2013 20.01.06;16/02/2018 01.18.51;<LocalSystemSid>;S-1-5-18;;---AC------
Kilogram_Scale.phz;D:\Hardisk burnt\joelwindows7\.wine\drive_c\Program Files (x86)\Algodoo\scenes\games & phun;Algodoo Scene Package;63,09 KiB;64609;28/03/2013 20.01.06;16/02/2018 01.18.51;<LocalSystemSid>;S-1-5-18;;---AC------
LaserCircle.phz;D:\Hardisk burnt\joelwindows7\.wine\drive_c\Program Files (x86)\Algodoo\scenes\games & phun;Algodoo Scene Package;69,03 KiB;70689;28/03/2013 20.01.06;16/02/2018 01.18.51;<LocalSystemSid>;S-1-5-18;;---AC------
Laserlabyrinth-level1.phz;D:\Hardisk burnt\joelwindows7\.wine\drive_c\Program Files (x86)\Algodoo\scenes\games & phun;Algodoo Scene Package;20,15 KiB;20634;28/03/2013 20.01.06;16/02/2018 01.18.51;<LocalSystemSid>;S-1-5-18;;---AC------
Laserlabyrinth-unsolved.phz;D:\Hardisk burnt\joelwindows7\.wine\drive_c\Program Files (x86)\Algodoo\scenes\games & phun;Algodoo Scene Package;31,52 KiB;32279;28/03/2013 20.01.06;16/02/2018 01.18.51;<LocalSystemSid>;S-1-5-18;;---AC------
lasersAndLenses.phz;D:\Hardisk burnt\joelwindows7\.wine\drive_c\Program Files (x86)\Algodoo\scenes\games & phun;Algodoo Scene Package;370,64 KiB;379543;28/03/2013 20.01.06;16/02/2018 01.18.51;<LocalSystemSid>;S-1-5-18;;---AC------
LaserShooterScripted.phz;D:\Hardisk burnt\joelwindows7\.wine\drive_c\Program Files (x86)\Algodoo\scenes\games & phun;Algodoo Scene Package;9,71 KiB;9945;28/03/2013 20.01.06;16/02/2018 01.18.51;<LocalSystemSid>;S-1-5-18;;---AC------
Lightning.phz;D:\Hardisk burnt\joelwindows7\.wine\drive_c\Program Files (x86)\Algodoo\scenes\games & phun;Algodoo Scene Package;40,59 KiB;41565;28/03/2013 20.01.06;16/02/2018 01.18.51;<LocalSystemSid>;S-1-5-18;;---AC------
Pong.phz;D:\Hardisk burnt\joelwindows7\.wine\drive_c\Program Files (x86)\Algodoo\scenes\games & phun;Algodoo Scene Package;11,11 KiB;11386;28/03/2013 20.01.06;16/02/2018 01.18.51;<LocalSystemSid>;S-1-5-18;;---AC------
Refinery.phz;D:\Hardisk burnt\joelwindows7\.wine\drive_c\Program Files (x86)\Algodoo\scenes\games & phun;Algodoo Scene Package;52,57 KiB;53833;28/03/2013 20.01.06;16/02/2018 01.18.51;<LocalSystemSid>;S-1-5-18;;---AC------
Robot Trance Dance.phz;D:\Hardisk burnt\joelwindows7\.wine\drive_c\Program Files (x86)\Algodoo\scenes\games & phun;Algodoo Scene Package;265,94 KiB;272328;28/03/2013 20.01.06;16/02/2018 01.18.51;<LocalSystemSid>;S-1-5-18;;---AC------
Rock_Quarry.phz;D:\Hardisk burnt\joelwindows7\.wine\drive_c\Program Files (x86)\Algodoo\scenes\games & phun;Algodoo Scene Package;23,73 KiB;24309;28/03/2013 20.01.06;16/02/2018 01.18.51;<LocalSystemSid>;S-1-5-18;;---AC------
Sillya_Playground.phz;D:\Hardisk burnt\joelwindows7\.wine\drive_c\Program Files (x86)\Algodoo\scenes\games & phun;Algodoo Scene Package;29,11 KiB;29814;28/03/2013 20.01.06;16/02/2018 01.18.51;<LocalSystemSid>;S-1-5-18;;---AC------
Spongy.phz;D:\Hardisk burnt\joelwindows7\.wine\drive_c\Program Files (x86)\Algodoo\scenes\games & phun;Algodoo Scene Package;35,32 KiB;36170;28/03/2013 20.01.06;16/02/2018 01.18.51;<LocalSystemSid>;S-1-5-18;;---AC------
Trebuchet.phz;D:\Hardisk burnt\joelwindows7\.wine\drive_c\Program Files (x86)\Algodoo\scenes\games & phun;Algodoo Scene Package;1,2 MiB;1262110;28/03/2013 20.01.06;16/02/2018 01.18.51;<LocalSystemSid>;S-1-5-18;;---AC------
Walking toys.phz;D:\Hardisk burnt\joelwindows7\.wine\drive_c\Program Files (x86)\Algodoo\scenes\games & phun;Algodoo Scene Package;24,12 KiB;24701;28/03/2013 20.01.06;16/02/2018 01.18.51;<LocalSystemSid>;S-1-5-18;;---AC------
Wood mechanics 1.phz;D:\Hardisk burnt\joelwindows7\.wine\drive_c\Program Files (x86)\Algodoo\scenes\games & phun;Algodoo Scene Package;7,4 KiB;7586;28/03/2013 20.01.06;16/02/2018 01.18.51;<LocalSystemSid>;S-1-5-18;;---AC------
3marbles.phz;D:\Hardisk burnt\joelwindows7\.wine\drive_c\Program Files (x86)\Algodoo\scenes\lessons;Algodoo Scene Package;27,63 KiB;28296;28/03/2013 20.01.06;16/02/2018 01.18.52;<LocalSystemSid>;S-1-5-18;;---AC------
arch.phz;D:\Hardisk burnt\joelwindows7\.wine\drive_c\Program Files (x86)\Algodoo\scenes\lessons;Algodoo Scene Package;33,22 KiB;34018;28/03/2013 20.01.06;16/02/2018 01.18.52;<LocalSystemSid>;S-1-5-18;;---AC------
elevator.phz;D:\Hardisk burnt\joelwindows7\.wine\drive_c\Program Files (x86)\Algodoo\scenes\lessons;Algodoo Scene Package;323,28 KiB;331044;28/03/2013 20.01.06;16/02/2018 01.18.52;<LocalSystemSid>;S-1-5-18;;---AC------
float_sink.phz;D:\Hardisk burnt\joelwindows7\.wine\drive_c\Program Files (x86)\Algodoo\scenes\lessons;Algodoo Scene Package;1,01 MiB;1060586;28/03/2013 20.01.06;16/02/2018 01.18.52;<LocalSystemSid>;S-1-5-18;;---AC------
Free fall with chain.phz;D:\Hardisk burnt\joelwindows7\.wine\drive_c\Program Files (x86)\Algodoo\scenes\lessons;Algodoo Scene Package;44,56 KiB;45636;28/03/2013 20.01.06;16/02/2018 01.18.52;<LocalSystemSid>;S-1-5-18;;---AC------
friction.phz;D:\Hardisk burnt\joelwindows7\.wine\drive_c\Program Files (x86)\Algodoo\scenes\lessons;Algodoo Scene Package;1001,86 KiB;1025913;28/03/2013 20.01.06;16/02/2018 01.18.52;<LocalSystemSid>;S-1-5-18;;---AC------
galileo_planes.phz;D:\Hardisk burnt\joelwindows7\.wine\drive_c\Program Files (x86)\Algodoo\scenes\lessons;Algodoo Scene Package;21,7 KiB;22230;28/03/2013 20.01.06;16/02/2018 01.18.52;<LocalSystemSid>;S-1-5-18;;---AC------
Gas.phz;D:\Hardisk burnt\joelwindows7\.wine\drive_c\Program Files (x86)\Algodoo\scenes\lessons;Algodoo Scene Package;87,33 KiB;89435;28/03/2013 20.01.06;16/02/2018 01.18.52;<LocalSystemSid>;S-1-5-18;;---AC------
iceberg.phz;D:\Hardisk burnt\joelwindows7\.wine\drive_c\Program Files (x86)\Algodoo\scenes\lessons;Algodoo Scene Package;299,18 KiB;306365;28/03/2013 20.01.06;16/02/2018 01.18.52;<LocalSystemSid>;S-1-5-18;;---AC------
labyrinth.phz;D:\Hardisk burnt\joelwindows7\.wine\drive_c\Program Files (x86)\Algodoo\scenes\lessons;Algodoo Scene Package;24,79 KiB;25394;28/03/2013 20.01.06;16/02/2018 01.18.52;<LocalSystemSid>;S-1-5-18;;---AC------
mirror_labyrinth.phz;D:\Hardisk burnt\joelwindows7\.wine\drive_c\Program Files (x86)\Algodoo\scenes\lessons;Algodoo Scene Package;25,31 KiB;25926;28/03/2013 20.01.06;16/02/2018 01.18.52;<LocalSystemSid>;S-1-5-18;;---AC------
mirror_periscope.phz;D:\Hardisk burnt\joelwindows7\.wine\drive_c\Program Files (x86)\Algodoo\scenes\lessons;Algodoo Scene Package;16,81 KiB;17220;28/03/2013 20.01.06;16/02/2018 01.18.52;<LocalSystemSid>;S-1-5-18;;---AC------
motion.phz;D:\Hardisk burnt\joelwindows7\.wine\drive_c\Program Files (x86)\Algodoo\scenes\lessons;Algodoo Scene Package;16,7 KiB;17111;28/03/2013 20.01.06;16/02/2018 01.18.52;<LocalSystemSid>;S-1-5-18;;---AC------
Newton cradle.phz;D:\Hardisk burnt\joelwindows7\.wine\drive_c\Program Files (x86)\Algodoo\scenes\lessons;Algodoo Scene Package;442,51 KiB;453132;28/03/2013 20.01.06;16/02/2018 01.18.52;<LocalSystemSid>;S-1-5-18;;---AC------
Pulley.phz;D:\Hardisk burnt\joelwindows7\.wine\drive_c\Program Files (x86)\Algodoo\scenes\lessons;Algodoo Scene Package;632,21 KiB;647392;28/03/2013 20.01.06;16/02/2018 01.18.52;<LocalSystemSid>;S-1-5-18;;---AC------
pyramid.phz;D:\Hardisk burnt\joelwindows7\.wine\drive_c\Program Files (x86)\Algodoo\scenes\lessons;Algodoo Scene Package;39,13 KiB;40077;28/03/2013 20.01.06;16/02/2018 01.18.52;<LocalSystemSid>;S-1-5-18;;---AC------
rainbow_scene1.phz;D:\Hardisk burnt\joelwindows7\.wine\drive_c\Program Files (x86)\Algodoo\scenes\lessons;Algodoo Scene Package;87,18 KiB;89278;28/03/2013 20.01.06;16/02/2018 01.18.52;<LocalSystemSid>;S-1-5-18;;---AC------
rainbow_scene2.phz;D:\Hardisk burnt\joelwindows7\.wine\drive_c\Program Files (x86)\Algodoo\scenes\lessons;Algodoo Scene Package;49,32 KiB;50510;28/03/2013 20.01.06;16/02/2018 01.18.52;<LocalSystemSid>;S-1-5-18;;---AC------
refraction.phz;D:\Hardisk burnt\joelwindows7\.wine\drive_c\Program Files (x86)\Algodoo\scenes\lessons;Algodoo Scene Package;22,78 KiB;23336;28/03/2013 20.01.06;16/02/2018 01.18.52;<LocalSystemSid>;S-1-5-18;;---AC------
seesaw.phz;D:\Hardisk burnt\joelwindows7\.wine\drive_c\Program Files (x86)\Algodoo\scenes\lessons;Algodoo Scene Package;32,22 KiB;33001;28/03/2013 20.01.06;16/02/2018 01.18.52;<LocalSystemSid>;S-1-5-18;;---AC------
SquareWheels.phz;D:\Hardisk burnt\joelwindows7\.wine\drive_c\Program Files (x86)\Algodoo\scenes\lessons;Algodoo Scene Package;107,91 KiB;110500;28/03/2013 20.01.06;16/02/2018 01.18.52;<LocalSystemSid>;S-1-5-18;;---AC------
swing.phz;D:\Hardisk burnt\joelwindows7\.wine\drive_c\Program Files (x86)\Algodoo\scenes\lessons;Algodoo Scene Package;33,15 KiB;33948;28/03/2013 20.01.06;16/02/2018 01.18.52;<LocalSystemSid>;S-1-5-18;;---AC------
tangram.phz;D:\Hardisk burnt\joelwindows7\.wine\drive_c\Program Files (x86)\Algodoo\scenes\lessons;Algodoo Scene Package;23,74 KiB;24316;28/03/2013 20.01.06;16/02/2018 01.18.52;<LocalSystemSid>;S-1-5-18;;---AC------
tipping_truck.phz;D:\Hardisk burnt\joelwindows7\.wine\drive_c\Program Files (x86)\Algodoo\scenes\lessons;Algodoo Scene Package;68,1 KiB;69741;28/03/2013 20.01.06;16/02/2018 01.18.52;<LocalSystemSid>;S-1-5-18;;---AC------
two_track.phz;D:\Hardisk burnt\joelwindows7\.wine\drive_c\Program Files (x86)\Algodoo\scenes\lessons;Algodoo Scene Package;221,88 KiB;227209;28/03/2013 20.01.06;16/02/2018 01.18.52;<LocalSystemSid>;S-1-5-18;;---AC------
watertower.phz;D:\Hardisk burnt\joelwindows7\.wine\drive_c\Program Files (x86)\Algodoo\scenes\lessons;Algodoo Scene Package;41,92 KiB;42929;28/03/2013 20.01.06;16/02/2018 01.18.52;<LocalSystemSid>;S-1-5-18;;---AC------
waveguide.phz;D:\Hardisk burnt\joelwindows7\.wine\drive_c\Program Files (x86)\Algodoo\scenes\lessons;Algodoo Scene Package;18,62 KiB;19077;28/03/2013 20.01.06;16/02/2018 01.18.52;<LocalSystemSid>;S-1-5-18;;---AC------
wheel.phz;D:\Hardisk burnt\joelwindows7\.wine\drive_c\Program Files (x86)\Algodoo\scenes\lessons;Algodoo Scene Package;244,41 KiB;250282;28/03/2013 20.01.06;16/02/2018 01.18.52;<LocalSystemSid>;S-1-5-18;;---AC------
Anti-gravity room.phz;D:\Hardisk burnt\joelwindows7\.wine\drive_c\Program Files (x86)\Algodoo\scenes\official;Algodoo Scene Package;16,06 KiB;16448;28/03/2013 20.01.06;16/02/2018 01.18.52;<LocalSystemSid>;S-1-5-18;;---AC------
Cause and effect.phz;D:\Hardisk burnt\joelwindows7\.wine\drive_c\Program Files (x86)\Algodoo\scenes\official;Algodoo Scene Package;62,97 KiB;64485;28/03/2013 20.01.06;16/02/2018 01.18.51;<LocalSystemSid>;S-1-5-18;;---AC------
Chaos pendelum.phz;D:\Hardisk burnt\joelwindows7\.wine\drive_c\Program Files (x86)\Algodoo\scenes\official;Algodoo Scene Package;11,91 KiB;12204;28/03/2013 20.01.06;16/02/2018 01.18.51;<LocalSystemSid>;S-1-5-18;;---AC------
CoolPlot.phz;D:\Hardisk burnt\joelwindows7\.wine\drive_c\Program Files (x86)\Algodoo\scenes\official;Algodoo Scene Package;31,67 KiB;32435;28/03/2013 20.01.06;16/02/2018 01.18.51;<LocalSystemSid>;S-1-5-18;;---AC------
Cycloid.phz;D:\Hardisk burnt\joelwindows7\.wine\drive_c\Program Files (x86)\Algodoo\scenes\official;Algodoo Scene Package;24,74 KiB;25339;28/03/2013 20.01.06;16/02/2018 01.18.51;<LocalSystemSid>;S-1-5-18;;---AC------
Fountain.phz;D:\Hardisk burnt\joelwindows7\.wine\drive_c\Program Files (x86)\Algodoo\scenes\official;Algodoo Scene Package;57,6 KiB;58989;28/03/2013 20.01.06;16/02/2018 01.18.52;<LocalSystemSid>;S-1-5-18;;---AC------
Gears.phz;D:\Hardisk burnt\joelwindows7\.wine\drive_c\Program Files (x86)\Algodoo\scenes\official;Algodoo Scene Package;16,07 KiB;16459;28/03/2013 20.01.06;16/02/2018 01.18.52;<LocalSystemSid>;S-1-5-18;;---AC------
Gravity car.phz;D:\Hardisk burnt\joelwindows7\.wine\drive_c\Program Files (x86)\Algodoo\scenes\official;Algodoo Scene Package;57,42 KiB;58800;28/03/2013 20.01.06;16/02/2018 01.18.52;<LocalSystemSid>;S-1-5-18;;---AC------
Hart's A-Frame.phz;D:\Hardisk burnt\joelwindows7\.wine\drive_c\Program Files (x86)\Algodoo\scenes\official;Algodoo Scene Package;316,69 KiB;324291;28/03/2013 20.01.06;16/02/2018 01.18.51;<LocalSystemSid>;S-1-5-18;;---AC------
Keyboard.phz;D:\Hardisk burnt\joelwindows7\.wine\drive_c\Program Files (x86)\Algodoo\scenes\official;Algodoo Scene Package;7,46 KiB;7647;28/03/2013 20.01.06;16/02/2018 01.18.51;<LocalSystemSid>;S-1-5-18;;---AC------
Labyrinth (inverted).phz;D:\Hardisk burnt\joelwindows7\.wine\drive_c\Program Files (x86)\Algodoo\scenes\official;Algodoo Scene Package;71,92 KiB;73653;28/03/2013 20.01.06;16/02/2018 01.18.51;<LocalSystemSid>;S-1-5-18;;---AC------
Labyrinth.phz;D:\Hardisk burnt\joelwindows7\.wine\drive_c\Program Files (x86)\Algodoo\scenes\official;Algodoo Scene Package;71,28 KiB;72994;28/03/2013 20.01.06;16/02/2018 01.18.52;<LocalSystemSid>;S-1-5-18;;---AC------
ladder.phz;D:\Hardisk burnt\joelwindows7\.wine\drive_c\Program Files (x86)\Algodoo\scenes\official;Algodoo Scene Package;106,29 KiB;108846;28/03/2013 20.01.06;16/02/2018 01.18.52;<LocalSystemSid>;S-1-5-18;;---AC------
LaserCircle.phz;D:\Hardisk burnt\joelwindows7\.wine\drive_c\Program Files (x86)\Algodoo\scenes\official;Algodoo Scene Package;71,02 KiB;72726;28/03/2013 20.01.06;16/02/2018 01.18.52;<LocalSystemSid>;S-1-5-18;;---AC------
Lightning.phz;D:\Hardisk burnt\joelwindows7\.wine\drive_c\Program Files (x86)\Algodoo\scenes\official;Algodoo Scene Package;67,25 KiB;68873;28/03/2013 20.01.06;16/02/2018 01.18.51;<LocalSystemSid>;S-1-5-18;;---AC------
Man.phz;D:\Hardisk burnt\joelwindows7\.wine\drive_c\Program Files (x86)\Algodoo\scenes\official;Algodoo Scene Package;388,27 KiB;397592;28/03/2013 20.01.06;16/02/2018 01.18.52;<LocalSystemSid>;S-1-5-18;;---AC------
MyCar.phz;D:\Hardisk burnt\joelwindows7\.wine\drive_c\Program Files (x86)\Algodoo\scenes\official;Algodoo Scene Package;67,59 KiB;69215;28/03/2013 20.01.06;16/02/2018 01.18.52;<LocalSystemSid>;S-1-5-18;;---AC------
Optics.phz;D:\Hardisk burnt\joelwindows7\.wine\drive_c\Program Files (x86)\Algodoo\scenes\official;Algodoo Scene Package;59,68 KiB;61114;28/03/2013 20.01.06;16/02/2018 01.18.52;<LocalSystemSid>;S-1-5-18;;---AC------
Orbit.phz;D:\Hardisk burnt\joelwindows7\.wine\drive_c\Program Files (x86)\Algodoo\scenes\official;Algodoo Scene Package;27,08 KiB;27730;28/03/2013 20.01.06;16/02/2018 01.18.52;<LocalSystemSid>;S-1-5-18;;---AC------
Prism.phz;D:\Hardisk burnt\joelwindows7\.wine\drive_c\Program Files (x86)\Algodoo\scenes\official;Algodoo Scene Package;93,73 KiB;95980;28/03/2013 20.01.06;16/02/2018 01.18.51;<LocalSystemSid>;S-1-5-18;;---AC------
Robot Trance Dance.phz;D:\Hardisk burnt\joelwindows7\.wine\drive_c\Program Files (x86)\Algodoo\scenes\official;Algodoo Scene Package;306,66 KiB;314029;28/03/2013 20.01.06;16/02/2018 01.18.52;<LocalSystemSid>;S-1-5-18;;---AC------
Solar Prominance Simulator.phz;D:\Hardisk burnt\joelwindows7\.wine\drive_c\Program Files (x86)\Algodoo\scenes\official;Algodoo Scene Package;38,61 KiB;39538;28/03/2013 20.01.06;16/02/2018 01.18.51;<LocalSystemSid>;S-1-5-18;;---AC------
Spongy.phz;D:\Hardisk burnt\joelwindows7\.wine\drive_c\Program Files (x86)\Algodoo\scenes\official;Algodoo Scene Package;48,32 KiB;49488;28/03/2013 20.01.06;16/02/2018 01.18.52;<LocalSystemSid>;S-1-5-18;;---AC------
Trebuchet.phz;D:\Hardisk burnt\joelwindows7\.wine\drive_c\Program Files (x86)\Algodoo\scenes\official;Algodoo Scene Package;1,2 MiB;1265457;28/03/2013 20.01.06;16/02/2018 01.18.51;<LocalSystemSid>;S-1-5-18;;---AC------
Walking toys.phz;D:\Hardisk burnt\joelwindows7\.wine\drive_c\Program Files (x86)\Algodoo\scenes\official;Algodoo Scene Package;27,83 KiB;28508;28/03/2013 20.01.06;16/02/2018 01.18.52;<LocalSystemSid>;S-1-5-18;;---AC------
Wood mechanics 1.phz;D:\Hardisk burnt\joelwindows7\.wine\drive_c\Program Files (x86)\Algodoo\scenes\official;Algodoo Scene Package;6,49 KiB;6650;28/03/2013 20.01.06;16/02/2018 01.18.52;<LocalSystemSid>;S-1-5-18;;---AC------
Soft body.phz;D:\Hardisk burnt\joelwindows7\.wine\drive_c\Program Files (x86)\Algodoo\scenes\phunlets\misc;Algodoo Scene Package;65,25 KiB;66818;28/03/2013 20.01.06;16/02/2018 01.18.52;<LocalSystemSid>;S-1-5-18;;---AC------
Concave lens.phz;D:\Hardisk burnt\joelwindows7\.wine\drive_c\Program Files (x86)\Algodoo\scenes\phunlets\optics;Algodoo Scene Package;56,18 KiB;57538;28/03/2013 20.01.06;16/02/2018 01.18.52;<LocalSystemSid>;S-1-5-18;;---AC------
Convex lens.phz;D:\Hardisk burnt\joelwindows7\.wine\drive_c\Program Files (x86)\Algodoo\scenes\phunlets\optics;Algodoo Scene Package;56 KiB;57346;28/03/2013 20.01.06;16/02/2018 01.18.52;<LocalSystemSid>;S-1-5-18;;---AC------
Laser array.phz;D:\Hardisk burnt\joelwindows7\.wine\drive_c\Program Files (x86)\Algodoo\scenes\phunlets\optics;Algodoo Scene Package;7,62 KiB;7803;28/03/2013 20.01.06;16/02/2018 01.18.52;<LocalSystemSid>;S-1-5-18;;---AC------
Mirror.phz;D:\Hardisk burnt\joelwindows7\.wine\drive_c\Program Files (x86)\Algodoo\scenes\phunlets\optics;Algodoo Scene Package;48,96 KiB;50142;28/03/2013 20.01.06;16/02/2018 01.18.52;<LocalSystemSid>;S-1-5-18;;---AC------
Prism.phz;D:\Hardisk burnt\joelwindows7\.wine\drive_c\Program Files (x86)\Algodoo\scenes\phunlets\optics;Algodoo Scene Package;56,72 KiB;58082;28/03/2013 20.01.06;16/02/2018 01.18.52;<LocalSystemSid>;S-1-5-18;;---AC------
te_10_carscene.phz;D:\Hardisk burnt\joelwindows7\.wine\drive_c\Program Files (x86)\Algodoo\scenes\smart;Algodoo Scene Package;248,56 KiB;254528;28/03/2013 20.01.06;16/02/2018 01.18.50;<LocalSystemSid>;S-1-5-18;;---AC------
te_1_arch.phz;D:\Hardisk burnt\joelwindows7\.wine\drive_c\Program Files (x86)\Algodoo\scenes\smart;Algodoo Scene Package;338,55 KiB;346680;28/03/2013 20.01.06;16/02/2018 01.18.50;<LocalSystemSid>;S-1-5-18;;---AC------
te_2_mirror_labyrinth_twoplayer.phz;D:\Hardisk burnt\joelwindows7\.wine\drive_c\Program Files (x86)\Algodoo\scenes\smart;Algodoo Scene Package;32,64 KiB;33427;28/03/2013 20.01.06;16/02/2018 01.18.50;<LocalSystemSid>;S-1-5-18;;---AC------
te_3_tipping_truck.phz;D:\Hardisk burnt\joelwindows7\.wine\drive_c\Program Files (x86)\Algodoo\scenes\smart;Algodoo Scene Package;255,56 KiB;261694;28/03/2013 20.01.06;16/02/2018 01.18.50;<LocalSystemSid>;S-1-5-18;;---AC------
te_4_water_gears.phz;D:\Hardisk burnt\joelwindows7\.wine\drive_c\Program Files (x86)\Algodoo\scenes\smart;Algodoo Scene Package;33,91 KiB;34733;28/03/2013 20.01.06;16/02/2018 01.18.50;<LocalSystemSid>;S-1-5-18;;---AC------
te_5_scale.phz;D:\Hardisk burnt\joelwindows7\.wine\drive_c\Program Files (x86)\Algodoo\scenes\smart;Algodoo Scene Package;46,8 KiB;47926;28/03/2013 20.01.06;16/02/2018 01.18.50;<LocalSystemSid>;S-1-5-18;;---AC------
te_6_angle_shooter.phz;D:\Hardisk burnt\joelwindows7\.wine\drive_c\Program Files (x86)\Algodoo\scenes\smart;Algodoo Scene Package;20,96 KiB;21465;28/03/2013 20.01.06;16/02/2018 01.18.50;<LocalSystemSid>;S-1-5-18;;---AC------
te_7_aiming_competition.phz;D:\Hardisk burnt\joelwindows7\.wine\drive_c\Program Files (x86)\Algodoo\scenes\smart;Algodoo Scene Package;22,12 KiB;22652;28/03/2013 20.01.06;16/02/2018 01.18.50;<LocalSystemSid>;S-1-5-18;;---AC------
_ONEXITSAVE.phz;E:\PRIVATE FOLDER\FILE JOEL ROBERT\TransferationsOldDisk\Dokumen (Juliani) Mama\Algodoo\scenes;Algodoo Scene Package;2,42 KiB;2480;21/05/2013 20.08.16;23/11/2013 17.15.03;Joel Robert;S-1-5-21-2156372463-3216769867-3163004619-1001;;---AC------
17491_miku33.phz;E:\PRIVATE FOLDER\FILE JOEL ROBERT\TransferationsOldDisk\Dokumen (Juliani) Mama\Algodoo\scenes\downloads;Algodoo Scene Package;246,46 KiB;252377;10/05/2013 20.40.20;23/11/2013 17.15.03;Joel Robert;S-1-5-21-2156372463-3216769867-3163004619-1001;;---AC------
18633_Teleporter_V2.phz;E:\PRIVATE FOLDER\FILE JOEL ROBERT\TransferationsOldDisk\Dokumen (Juliani) Mama\Algodoo\scenes\downloads;Algodoo Scene Package;34,34 KiB;35167;11/05/2013 11.47.06;23/11/2013 17.15.03;Joel Robert;S-1-5-21-2156372463-3216769867-3163004619-1001;;---AC------
20075_PhunCalc.phz;E:\PRIVATE FOLDER\FILE JOEL ROBERT\TransferationsOldDisk\Dokumen (Juliani) Mama\Algodoo\scenes\downloads;Algodoo Scene Package;932,72 KiB;955112;11/05/2013 11.42.35;23/11/2013 17.15.03;Joel Robert;S-1-5-21-2156372463-3216769867-3163004619-1001;;---AC------
21100_Honda_CRF_450_MOTO_CROSS.phz;E:\PRIVATE FOLDER\FILE JOEL ROBERT\TransferationsOldDisk\Dokumen (Juliani) Mama\Algodoo\scenes\downloads;Algodoo Scene Package;568,19 KiB;581828;10/05/2013 22.06.00;23/11/2013 17.15.04;Joel Robert;S-1-5-21-2156372463-3216769867-3163004619-1001;;---AC------
21328_3D_computer_fight_V2.phz;E:\PRIVATE FOLDER\FILE JOEL ROBERT\TransferationsOldDisk\Dokumen (Juliani) Mama\Algodoo\scenes\downloads;Algodoo Scene Package;91,68 KiB;93889;11/05/2013 11.48.50;23/11/2013 17.15.04;Joel Robert;S-1-5-21-2156372463-3216769867-3163004619-1001;;---AC------
23433_Softest_Softbody.phz;E:\PRIVATE FOLDER\FILE JOEL ROBERT\TransferationsOldDisk\Dokumen (Juliani) Mama\Algodoo\scenes\downloads;Algodoo Scene Package;117,07 KiB;119882;21/05/2013 20.03.14;23/11/2013 17.15.04;Joel Robert;S-1-5-21-2156372463-3216769867-3163004619-1001;;---AC------
25810_Andrew_s_theory_of_collision.phz;E:\PRIVATE FOLDER\FILE JOEL ROBERT\TransferationsOldDisk\Dokumen (Juliani) Mama\Algodoo\scenes\downloads;Algodoo Scene Package;35,22 KiB;36075;10/05/2013 20.39.21;23/11/2013 17.15.04;Joel Robert;S-1-5-21-2156372463-3216769867-3163004619-1001;;---AC------
26077_MikuMiku_.phz;E:\PRIVATE FOLDER\FILE JOEL ROBERT\TransferationsOldDisk\Dokumen (Juliani) Mama\Algodoo\scenes\downloads;Algodoo Scene Package;160,24 KiB;164091;10/05/2013 20.26.54;23/11/2013 17.15.04;Joel Robert;S-1-5-21-2156372463-3216769867-3163004619-1001;;---AC------
26172_Toy_Machine_.phz;E:\PRIVATE FOLDER\FILE JOEL ROBERT\TransferationsOldDisk\Dokumen (Juliani) Mama\Algodoo\scenes\downloads;Algodoo Scene Package;177,87 KiB;182146;10/05/2013 20.31.28;23/11/2013 17.15.04;Joel Robert;S-1-5-21-2156372463-3216769867-3163004619-1001;;---AC------
29836_things.phz;E:\PRIVATE FOLDER\FILE JOEL ROBERT\TransferationsOldDisk\Dokumen (Juliani) Mama\Algodoo\scenes\downloads;Algodoo Scene Package;165,18 KiB;169150;10/05/2013 20.33.07;23/11/2013 17.15.04;Joel Robert;S-1-5-21-2156372463-3216769867-3163004619-1001;;---AC------
29949_bike_building_shop.phz;E:\PRIVATE FOLDER\FILE JOEL ROBERT\TransferationsOldDisk\Dokumen (Juliani) Mama\Algodoo\scenes\downloads;Algodoo Scene Package;760,38 KiB;778637;10/05/2013 20.37.33;23/11/2013 17.15.04;Joel Robert;S-1-5-21-2156372463-3216769867-3163004619-1001;;---AC------
30461_Miku_Sheep.phz;E:\PRIVATE FOLDER\FILE JOEL ROBERT\TransferationsOldDisk\Dokumen (Juliani) Mama\Algodoo\scenes\downloads;Algodoo Scene Package;531,93 KiB;544701;10/05/2013 20.46.07;23/11/2013 17.15.04;Joel Robert;S-1-5-21-2156372463-3216769867-3163004619-1001;;---AC------
33282_PHZ_download.phz;E:\PRIVATE FOLDER\FILE JOEL ROBERT\TransferationsOldDisk\Dokumen (Juliani) Mama\Algodoo\scenes\downloads;Algodoo Scene Package;43,93 KiB;44993;10/05/2013 20.34.39;23/11/2013 17.15.04;Joel Robert;S-1-5-21-2156372463-3216769867-3163004619-1001;;---AC------
36708_Ievan_Polka_Miku_2.phz;E:\PRIVATE FOLDER\FILE JOEL ROBERT\TransferationsOldDisk\Dokumen (Juliani) Mama\Algodoo\scenes\downloads;Algodoo Scene Package;144,49 KiB;147962;10/05/2013 20.36.10;23/11/2013 17.15.04;Joel Robert;S-1-5-21-2156372463-3216769867-3163004619-1001;;---AC------
49700_M104V7C_-_NW_Nuclear_Missile__UPLOAD__CHARLIE__2322_.phz;E:\PRIVATE FOLDER\FILE JOEL ROBERT\TransferationsOldDisk\Dokumen (Juliani) Mama\Algodoo\scenes\downloads;Algodoo Scene Package;306,05 KiB;313401;11/05/2013 11.44.57;23/11/2013 17.15.04;Joel Robert;S-1-5-21-2156372463-3216769867-3163004619-1001;;---AC------
58752_DollLabo3.phz;E:\PRIVATE FOLDER\FILE JOEL ROBERT\TransferationsOldDisk\Dokumen (Juliani) Mama\Algodoo\scenes\downloads;Algodoo Scene Package;279,3 KiB;286008;10/05/2013 20.35.30;23/11/2013 17.15.04;Joel Robert;S-1-5-21-2156372463-3216769867-3163004619-1001;;---AC------
62978_Cog_Walker.phz;E:\PRIVATE FOLDER\FILE JOEL ROBERT\TransferationsOldDisk\Dokumen (Juliani) Mama\Algodoo\scenes\downloads;Algodoo Scene Package;44,29 KiB;45353;10/05/2013 22.11.59;23/11/2013 17.15.04;Joel Robert;S-1-5-21-2156372463-3216769867-3163004619-1001;;---AC------
69446_crazy_balls.phz;E:\PRIVATE FOLDER\FILE JOEL ROBERT\TransferationsOldDisk\Dokumen (Juliani) Mama\Algodoo\scenes\downloads;Algodoo Scene Package;15,58 KiB;15954;10/05/2013 21.26.45;23/11/2013 17.15.04;Joel Robert;S-1-5-21-2156372463-3216769867-3163004619-1001;;---AC------
69459_buggy4_with_off_road_caravan.phz;E:\PRIVATE FOLDER\FILE JOEL ROBERT\TransferationsOldDisk\Dokumen (Juliani) Mama\Algodoo\scenes\downloads;Algodoo Scene Package;864,56 KiB;885314;10/05/2013 21.29.14;23/11/2013 17.15.04;Joel Robert;S-1-5-21-2156372463-3216769867-3163004619-1001;;---AC------
69462_Roller_Coaster.phz;E:\PRIVATE FOLDER\FILE JOEL ROBERT\TransferationsOldDisk\Dokumen (Juliani) Mama\Algodoo\scenes\downloads;Algodoo Scene Package;845,7 KiB;866002;10/05/2013 19.44.40;23/11/2013 17.15.04;Joel Robert;S-1-5-21-2156372463-3216769867-3163004619-1001;;---AC------
69469_Spring_and_magnetic_engine.phz;E:\PRIVATE FOLDER\FILE JOEL ROBERT\TransferationsOldDisk\Dokumen (Juliani) Mama\Algodoo\scenes\downloads;Algodoo Scene Package;370,15 KiB;379038;10/05/2013 21.11.13;23/11/2013 17.15.04;Joel Robert;S-1-5-21-2156372463-3216769867-3163004619-1001;;---AC------
69471_New_Gear_Motion.phz;E:\PRIVATE FOLDER\FILE JOEL ROBERT\TransferationsOldDisk\Dokumen (Juliani) Mama\Algodoo\scenes\downloads;Algodoo Scene Package;623,04 KiB;637996;10/05/2013 21.15.08;23/11/2013 17.15.04;Joel Robert;S-1-5-21-2156372463-3216769867-3163004619-1001;;---AC------
69476_Lock_w__Keys.phz;E:\PRIVATE FOLDER\FILE JOEL ROBERT\TransferationsOldDisk\Dokumen (Juliani) Mama\Algodoo\scenes\downloads;Algodoo Scene Package;187,99 KiB;192506;11/05/2013 11.17.20;23/11/2013 17.15.04;Joel Robert;S-1-5-21-2156372463-3216769867-3163004619-1001;;---AC------
69477_Gozaisho_Ro-pu_uei.phz;E:\PRIVATE FOLDER\FILE JOEL ROBERT\TransferationsOldDisk\Dokumen (Juliani) Mama\Algodoo\scenes\downloads;Algodoo Scene Package;232,67 KiB;238256;10/05/2013 20.27.55;23/11/2013 17.15.04;Joel Robert;S-1-5-21-2156372463-3216769867-3163004619-1001;;---AC------
69485_Tsunami.phz;E:\PRIVATE FOLDER\FILE JOEL ROBERT\TransferationsOldDisk\Dokumen (Juliani) Mama\Algodoo\scenes\downloads;Algodoo Scene Package;145,46 KiB;148954;11/05/2013 11.02.44;23/11/2013 17.15.04;Joel Robert;S-1-5-21-2156372463-3216769867-3163004619-1001;;---AC------
69488_Simple_lamel_water_pump.phz;E:\PRIVATE FOLDER\FILE JOEL ROBERT\TransferationsOldDisk\Dokumen (Juliani) Mama\Algodoo\scenes\downloads;Algodoo Scene Package;41,99 KiB;43005;10/05/2013 19.49.05;23/11/2013 17.15.04;Joel Robert;S-1-5-21-2156372463-3216769867-3163004619-1001;;---AC------
69489_Auto_Gearbox_Car_with_Non-Spawn_Engine.phz;E:\PRIVATE FOLDER\FILE JOEL ROBERT\TransferationsOldDisk\Dokumen (Juliani) Mama\Algodoo\scenes\downloads;Algodoo Scene Package;124,83 KiB;127826;10/05/2013 21.33.09;23/11/2013 17.15.04;Joel Robert;S-1-5-21-2156372463-3216769867-3163004619-1001;;---AC------
69489_Auto_Gearbox_Car_with_Non-Spawn_Engine_0000.phz;E:\PRIVATE FOLDER\FILE JOEL ROBERT\TransferationsOldDisk\Dokumen (Juliani) Mama\Algodoo\scenes\downloads;Algodoo Scene Package;124,83 KiB;127826;10/05/2013 21.35.38;23/11/2013 17.15.04;Joel Robert;S-1-5-21-2156372463-3216769867-3163004619-1001;;---AC------
69491_Anemometer_03.phz;E:\PRIVATE FOLDER\FILE JOEL ROBERT\TransferationsOldDisk\Dokumen (Juliani) Mama\Algodoo\scenes\downloads;Algodoo Scene Package;35,13 KiB;35974;10/05/2013 21.50.03;23/11/2013 17.15.04;Joel Robert;S-1-5-21-2156372463-3216769867-3163004619-1001;;---AC------
69496_32acp_Ptarget.phz;E:\PRIVATE FOLDER\FILE JOEL ROBERT\TransferationsOldDisk\Dokumen (Juliani) Mama\Algodoo\scenes\downloads;Algodoo Scene Package;277,28 KiB;283941;11/05/2013 11.05.47;23/11/2013 17.15.04;Joel Robert;S-1-5-21-2156372463-3216769867-3163004619-1001;;---AC------
69510_Four_Stroke_With_Smoke.phz;E:\PRIVATE FOLDER\FILE JOEL ROBERT\TransferationsOldDisk\Dokumen (Juliani) Mama\Algodoo\scenes\downloads;Algodoo Scene Package;89,44 KiB;91596;10/05/2013 21.48.32;23/11/2013 17.15.04;Joel Robert;S-1-5-21-2156372463-3216769867-3163004619-1001;;---AC------
69514_Live_or_die.phz;E:\PRIVATE FOLDER\FILE JOEL ROBERT\TransferationsOldDisk\Dokumen (Juliani) Mama\Algodoo\scenes\downloads;Algodoo Scene Package;637,07 KiB;652360;10/05/2013 21.55.54;23/11/2013 17.15.04;Joel Robert;S-1-5-21-2156372463-3216769867-3163004619-1001;;---AC------
69520_Flying_Robot_Controls_View.phz;E:\PRIVATE FOLDER\FILE JOEL ROBERT\TransferationsOldDisk\Dokumen (Juliani) Mama\Algodoo\scenes\downloads;Algodoo Scene Package;25,23 KiB;25840;10/05/2013 21.51.58;23/11/2013 17.15.05;Joel Robert;S-1-5-21-2156372463-3216769867-3163004619-1001;;---AC------
69528_Engine_tipe_I4.phz;E:\PRIVATE FOLDER\FILE JOEL ROBERT\TransferationsOldDisk\Dokumen (Juliani) Mama\Algodoo\scenes\downloads;Algodoo Scene Package;225,64 KiB;231064;10/05/2013 21.22.04;23/11/2013 17.15.05;Joel Robert;S-1-5-21-2156372463-3216769867-3163004619-1001;;---AC------
69529_number_and_weight_calculator_.phz;E:\PRIVATE FOLDER\FILE JOEL ROBERT\TransferationsOldDisk\Dokumen (Juliani) Mama\Algodoo\scenes\downloads;Algodoo Scene Package;14,95 KiB;15316;10/05/2013 20.29.46;23/11/2013 17.15.05;Joel Robert;S-1-5-21-2156372463-3216769867-3163004619-1001;;---AC------
69529_number_and_weight_calculator__0000.phz;E:\PRIVATE FOLDER\FILE JOEL ROBERT\TransferationsOldDisk\Dokumen (Juliani) Mama\Algodoo\scenes\downloads;Algodoo Scene Package;14,95 KiB;15316;10/05/2013 20.30.05;23/11/2013 17.15.05;Joel Robert;S-1-5-21-2156372463-3216769867-3163004619-1001;;---AC------
69533________2101_____________.phz;E:\PRIVATE FOLDER\FILE JOEL ROBERT\TransferationsOldDisk\Dokumen (Juliani) Mama\Algodoo\scenes\downloads;Algodoo Scene Package;146,84 KiB;150368;11/05/2013 11.53.54;23/11/2013 17.15.05;Joel Robert;S-1-5-21-2156372463-3216769867-3163004619-1001;;---AC------
69535__Color_effect.phz;E:\PRIVATE FOLDER\FILE JOEL ROBERT\TransferationsOldDisk\Dokumen (Juliani) Mama\Algodoo\scenes\downloads;Algodoo Scene Package;33,52 KiB;34332;10/05/2013 20.41.13;23/11/2013 17.15.05;Joel Robert;S-1-5-21-2156372463-3216769867-3163004619-1001;;---AC------
69540_Centrifugal_Clutch_Improved.phz;E:\PRIVATE FOLDER\FILE JOEL ROBERT\TransferationsOldDisk\Dokumen (Juliani) Mama\Algodoo\scenes\downloads;Algodoo Scene Package;56,69 KiB;58056;10/05/2013 20.42.48;23/11/2013 17.15.05;Joel Robert;S-1-5-21-2156372463-3216769867-3163004619-1001;;---AC------
69542_Crush_the_ragdoll___D.phz;E:\PRIVATE FOLDER\FILE JOEL ROBERT\TransferationsOldDisk\Dokumen (Juliani) Mama\Algodoo\scenes\downloads;Algodoo Scene Package;45,97 KiB;47078;10/05/2013 19.50.20;23/11/2013 17.15.05;Joel Robert;S-1-5-21-2156372463-3216769867-3163004619-1001;;---AC------
69550_Elavator_to_the_moon________________.phz;E:\PRIVATE FOLDER\FILE JOEL ROBERT\TransferationsOldDisk\Dokumen (Juliani) Mama\Algodoo\scenes\downloads;Algodoo Scene Package;16,85 KiB;17256;11/05/2013 11.39.14;23/11/2013 17.15.05;Joel Robert;S-1-5-21-2156372463-3216769867-3163004619-1001;;---AC------
69553_Periodic_Table.phz;E:\PRIVATE FOLDER\FILE JOEL ROBERT\TransferationsOldDisk\Dokumen (Juliani) Mama\Algodoo\scenes\downloads;Algodoo Scene Package;48,49 KiB;49656;11/05/2013 11.20.58;23/11/2013 17.15.05;Joel Robert;S-1-5-21-2156372463-3216769867-3163004619-1001;;---AC------
69558__________________________.phz;E:\PRIVATE FOLDER\FILE JOEL ROBERT\TransferationsOldDisk\Dokumen (Juliani) Mama\Algodoo\scenes\downloads;Algodoo Scene Package;180,84 KiB;185183;11/05/2013 11.36.55;23/11/2013 17.15.05;Joel Robert;S-1-5-21-2156372463-3216769867-3163004619-1001;;---AC------
69567_Toyota_Yaris.phz;E:\PRIVATE FOLDER\FILE JOEL ROBERT\TransferationsOldDisk\Dokumen (Juliani) Mama\Algodoo\scenes\downloads;Algodoo Scene Package;140,38 KiB;143753;11/05/2013 11.22.34;23/11/2013 17.15.05;Joel Robert;S-1-5-21-2156372463-3216769867-3163004619-1001;;---AC------
69569_Kollisions_Motor_0000.phz;E:\PRIVATE FOLDER\FILE JOEL ROBERT\TransferationsOldDisk\Dokumen (Juliani) Mama\Algodoo\scenes\downloads;Algodoo Scene Package;69,51 KiB;71180;11/05/2013 11.21.52;23/11/2013 17.15.05;Joel Robert;S-1-5-21-2156372463-3216769867-3163004619-1001;;---AC------
69571_Marble_machine_4.phz;E:\PRIVATE FOLDER\FILE JOEL ROBERT\TransferationsOldDisk\Dokumen (Juliani) Mama\Algodoo\scenes\downloads;Algodoo Scene Package;146,4 KiB;149923;11/05/2013 10.59.38;23/11/2013 17.15.05;Joel Robert;S-1-5-21-2156372463-3216769867-3163004619-1001;;---AC------
69572_coca_cola.phz;E:\PRIVATE FOLDER\FILE JOEL ROBERT\TransferationsOldDisk\Dokumen (Juliani) Mama\Algodoo\scenes\downloads;Algodoo Scene Package;412,1 KiB;421995;11/05/2013 11.26.52;23/11/2013 17.15.05;Joel Robert;S-1-5-21-2156372463-3216769867-3163004619-1001;;---AC------
69575_Save_the_cat_.phz;E:\PRIVATE FOLDER\FILE JOEL ROBERT\TransferationsOldDisk\Dokumen (Juliani) Mama\Algodoo\scenes\downloads;Algodoo Scene Package;442,88 KiB;453515;11/05/2013 11.30.39;23/11/2013 17.15.05;Joel Robert;S-1-5-21-2156372463-3216769867-3163004619-1001;;---AC------
69576_F1_Car.phz;E:\PRIVATE FOLDER\FILE JOEL ROBERT\TransferationsOldDisk\Dokumen (Juliani) Mama\Algodoo\scenes\downloads;Algodoo Scene Package;71,16 KiB;72868;11/05/2013 11.31.49;23/11/2013 17.15.05;Joel Robert;S-1-5-21-2156372463-3216769867-3163004619-1001;;---AC------
te_8_gravity_labyrinth.phz;D:\Hardisk burnt\joelwindows7\.wine\drive_c\Program Files (x86)\Algodoo\scenes\smart;Algodoo Scene Package;94,6 KiB;96877;28/03/2013 20.01.06;16/02/2018 01.18.50;<LocalSystemSid>;S-1-5-18;;---AC------
te_9_boat.phz;D:\Hardisk burnt\joelwindows7\.wine\drive_c\Program Files (x86)\Algodoo\scenes\smart;Algodoo Scene Package;535,41 KiB;548268;28/03/2013 20.01.06;16/02/2018 01.18.50;<LocalSystemSid>;S-1-5-18;;---AC------
_ONEXITSAVE.phz;D:\Hardisk burnt\joelwindows7\Algodoo\scenes;Algodoo Scene Package;46,1 KiB;47212;05/11/2015 02.02.10;16/02/2018 01.20.21;<LocalSystemSid>;S-1-5-18;;---AC------
22876_separator.phz;D:\Hardisk burnt\joelwindows7\Algodoo\scenes\downloads;Algodoo Scene Package;83,62 KiB;85635;15/08/2015 21.43.44;16/02/2018 01.20.21;<LocalSystemSid>;S-1-5-18;;---AC------
62978_Cog_Walker.phz;D:\Hardisk burnt\joelwindows7\Algodoo\scenes\downloads;Algodoo Scene Package;49,05 KiB;50228;15/08/2015 21.41.46;16/02/2018 01.20.21;<LocalSystemSid>;S-1-5-18;;---AC------
strong T truck rough concept.phz;D:\PRIVATE FOLDER\FILE JOEL ROBERT\Algodoo\scenes;Algodoo Scene Package;274,15 KiB;280730;24/07/2018 17.36.43;24/07/2018 17.36.13;Joel Robert;S-1-5-21-2156372463-3216769867-3163004619-1001;;---AC------
_ONEXITSAVE.phz;D:\PRIVATE FOLDER\FILE JOEL ROBERT\Algodoo\scenes;Algodoo Scene Package;2,61 KiB;2679;04/08/2018 11.46.33;24/07/2018 17.38.36;Joel Robert;S-1-5-21-2156372463-3216769867-3163004619-1001;;---AC------
168852_Fidget_Spinner_Simulation.phz;D:\PRIVATE FOLDER\FILE JOEL ROBERT\Algodoo\scenes\downloads;Algodoo Scene Package;195,85 KiB;200552;24/07/2018 17.01.01;24/07/2018 17.01.01;Joel Robert;S-1-5-21-2156372463-3216769867-3163004619-1001;;---AC------
184920_A_NEW_ALGOBOX_ADMIN_.phz;D:\PRIVATE FOLDER\FILE JOEL ROBERT\Algodoo\scenes\downloads;Algodoo Scene Package;91,05 KiB;93244;24/07/2018 16.46.05;24/07/2018 16.46.05;Joel Robert;S-1-5-21-2156372463-3216769867-3163004619-1001;;---AC------
186875_.phz;D:\PRIVATE FOLDER\FILE JOEL ROBERT\Algodoo\scenes\downloads;Algodoo Scene Package;77,18 KiB;79042;24/07/2018 16.59.49;24/07/2018 16.59.49;Joel Robert;S-1-5-21-2156372463-3216769867-3163004619-1001;;---AC------
193693_.phz;D:\PRIVATE FOLDER\FILE JOEL ROBERT\Algodoo\scenes\downloads;Algodoo Scene Package;62,88 KiB;64398;24/07/2018 16.48.07;24/07/2018 16.48.07;Joel Robert;S-1-5-21-2156372463-3216769867-3163004619-1001;;---AC------
193701_.phz;D:\PRIVATE FOLDER\FILE JOEL ROBERT\Algodoo\scenes\downloads;Algodoo Scene Package;1,47 MiB;1546316;24/07/2018 16.58.57;24/07/2018 16.58.57;Joel Robert;S-1-5-21-2156372463-3216769867-3163004619-1001;;---AC------
35396_35396_Lunar_Lander_Simulator_v-3_3(1).phz;D:\PRIVATE FOLDER\FILE JOEL ROBERT\Algodoo\scenes\downloads;Algodoo Scene Package;3,61 MiB;3791083;24/07/2018 16.52.33;24/07/2018 16.52.33;Joel Robert;S-1-5-21-2156372463-3216769867-3163004619-1001;;---AC------
62815_7_segment_display_using_rod_logic.phz;D:\PRIVATE FOLDER\FILE JOEL ROBERT\Algodoo\scenes\downloads;Algodoo Scene Package;101,41 KiB;103849;24/07/2018 17.09.00;24/07/2018 17.09.00;Joel Robert;S-1-5-21-2156372463-3216769867-3163004619-1001;;---AC------
63651__Xplode_inside__killer.phz;D:\PRIVATE FOLDER\FILE JOEL ROBERT\Algodoo\scenes\downloads;Algodoo Scene Package;192,85 KiB;197483;24/07/2018 16.50.41;24/07/2018 16.50.41;Joel Robert;S-1-5-21-2156372463-3216769867-3163004619-1001;;---AC------
63654_type_of_wheels.phz;D:\PRIVATE FOLDER\FILE JOEL ROBERT\Algodoo\scenes\downloads;Algodoo Scene Package;81,95 KiB;83919;24/07/2018 17.14.14;24/07/2018 17.14.14;Joel Robert;S-1-5-21-2156372463-3216769867-3163004619-1001;;---AC------
